name,age,courses_taken,courses_taught
Dott. Matilda Stein,33,"Corso 49, Corso 27, Corso 41, Corso 43, Corso 35",
Sig. Gianni Carocci,67,"Corso 20, Corso 47, Corso 30, Corso 38",
Vanessa Traetta-Morlacchi,47,"Corso 45, Corso 43",
Laureano Mazzi,76,"Corso 19, Corso 33, Corso 8, Corso 31",
Greco Traversa-Ceri,18,"Corso 6, Corso 45, Corso 37, Corso 22",
Ferdinando Bova,54,"Corso 42, Corso 4, Corso 18",
Gioffre Zaccagnini,45,"Corso 20, Corso 8, Corso 4, Corso 17, Corso 1",
Sig.ra Alessandra Lippomano,28,Corso 48,
Fernanda Morlacchi,31,"Corso 1, Corso 19, Corso 32, Corso 14",
Michelangelo Gullotta,74,"Corso 20, Corso 49, Corso 44",
Hugo Ferraris-Benedetti,42,"Corso 34, Corso 21, Corso 14",
Santino Benedetti,29,"Corso 30, Corso 12, Corso 50, Corso 11, Corso 18",
Pellegrino Brichese,44,"Corso 4, Corso 17, Corso 1, Corso 50",
Dott. Gabriella Fermi,18,Corso 37,
Annetta Abate,52,"Corso 50, Corso 16",
Sig.ra Iolanda Rossi,79,Corso 1,
Dante Pavarotti,50,Corso 6,
Chiara Cheda,37,"Corso 41, Corso 28, Corso 38, Corso 23",
Luisa Prada,67,"Corso 9, Corso 37",
Enrico Respighi-Pedersoli,18,Corso 15,
Luisa Gadda-Novaro,29,Corso 26,
Giacomo Infantino,19,Corso 40,
Paloma Serraglio,47,"Corso 42, Corso 24, Corso 20, Corso 41",
Fiorenzo Naccari,32,"Corso 38, Corso 25, Corso 36, Corso 1",
Pompeo Mortati,39,"Corso 23, Corso 28, Corso 41, Corso 39, Corso 46",
Valerio Scandone,52,"Corso 29, Corso 14",
Giorgia Rizzo,51,"Corso 16, Corso 40, Corso 50, Corso 6, Corso 22",
Dott. Eleanora Antonioni,50,"Corso 9, Corso 34, Corso 27",
Ennio Badoer,29,"Corso 30, Corso 28, Corso 40",
Vito Tomaselli-Nievo,57,"Corso 37, Corso 3",
Diana Bulzoni,39,"Corso 41, Corso 3, Corso 39, Corso 21, Corso 12",
Luchino Offredi,26,Corso 41,
Enrico Camanni,51,"Corso 34, Corso 1, Corso 20, Corso 22",
Sig.ra Gelsomina Burcardo,74,Corso 26,
Rossana Panicucci,34,"Corso 27, Corso 16, Corso 32",
Anita Ferrante,23,"Corso 22, Corso 30",
Sig.ra Giuseppina Pacetti,53,"Corso 21, Corso 20, Corso 32, Corso 18, Corso 6",
Livio Gibilisco,67,Corso 37,
Lauretta Fermi,57,"Corso 42, Corso 25, Corso 35, Corso 26",
Raimondo Pincherle,27,Corso 14,
Ninetta Cabibbo,54,"Corso 18, Corso 46",
Sig. Goffredo Marangoni,51,"Corso 35, Corso 14, Corso 33, Corso 39",
Sig. Telemaco Marinetti,47,"Corso 25, Corso 23, Corso 33, Corso 43, Corso 12",
Sig. Gilberto Cuomo,69,"Corso 19, Corso 1, Corso 30, Corso 41",
Santino Bandello,26,Corso 39,
Ivo Babato,57,"Corso 6, Corso 34, Corso 28, Corso 44",
Baldassare Valmarana,54,"Corso 47, Corso 32, Corso 8",
Sig.ra Cecilia Mazzacurati,70,"Corso 24, Corso 9",
Laureano Offredi,50,"Corso 1, Corso 13",
Sante Guarneri,46,"Corso 31, Corso 23, Corso 27, Corso 36",
Panfilo Falcone-Cattaneo,59,"Corso 48, Corso 8, Corso 38",
Gloria Capuana,69,"Corso 29, Corso 41",
Valentina Giannini-Trentini,68,Corso 25,
Tullio Infantino,19,Corso 1,Corso 6
Raffaele Impastato,48,Corso 2,
Orlando Persico,21,"Corso 21, Corso 34",
Sig. Ludovico Storladi,77,Corso 46,
Sig. Michele Padovano,46,"Corso 46, Corso 40, Corso 17, Corso 25",
Baccio Fogazzaro,76,Corso 13,
Alfredo Bertoni-Rastelli,41,"Corso 14, Corso 37, Corso 27, Corso 29",
Nedda Caironi,24,"Corso 49, Corso 19, Corso 33",
Hugo Scialpi,76,"Corso 1, Corso 3",
Lara Benigni-Fiorucci,35,Corso 37,
Dott. Giovanni Ritacca,42,"Corso 30, Corso 43, Corso 27, Corso 50, Corso 48",
Corrado Berlusconi,58,"Corso 2, Corso 37, Corso 32, Corso 19, Corso 25",
Elmo Versace,54,"Corso 26, Corso 23, Corso 41, Corso 46, Corso 16",
Gianna Zampa,24,"Corso 24, Corso 44, Corso 18",
Gianluigi Moneta,69,"Corso 46, Corso 39, Corso 42, Corso 36, Corso 47",
Zaira Castiglione-Morucci,48,"Corso 36, Corso 16, Corso 21, Corso 30",
Gianmarco Ioppi,40,Corso 14,
Ansaldo Mannoia,74,"Corso 30, Corso 31, Corso 24, Corso 25, Corso 1",
Lodovico Almagià,70,"Corso 5, Corso 17, Corso 19, Corso 9, Corso 7",
Concetta Petrassi-Rensi,78,Corso 45,
Dott. Elena Infantino,29,"Corso 10, Corso 1, Corso 28, Corso 8",
Temistocle Botta,72,Corso 48,
Livio Papetti,18,"Corso 45, Corso 21, Corso 20, Corso 46, Corso 2",
Adelasia Moccia,51,Corso 4,
Daria Caccioppoli-Donatoni,49,"Corso 5, Corso 46",
Sig. Marcello Bresciani,25,"Corso 47, Corso 35, Corso 30",
Annibale Dovara,77,"Corso 25, Corso 43",
Sabatino Camicione,25,"Corso 43, Corso 38, Corso 20, Corso 26, Corso 28",
Dott. Renzo Pennetta,60,"Corso 33, Corso 26, Corso 23, Corso 4, Corso 34",
Geronimo Procacci,75,"Corso 8, Corso 1",
Adele Castelli-Schiavo,30,"Corso 23, Corso 49, Corso 19, Corso 14",
Sig. Massimiliano Franzese,46,"Corso 35, Corso 14",
Calcedonio Interiano,35,Corso 3,
Roberto Samele,42,"Corso 9, Corso 46, Corso 33",
Gianfranco Lussu,30,"Corso 29, Corso 36, Corso 9, Corso 3",Corso 1
Giulietta Treccani,77,Corso 31,
Paloma Montalti,64,"Corso 3, Corso 44",
Adelasia Coardi,35,"Corso 46, Corso 23, Corso 50, Corso 36",
Lilla Pozzecco-Anichini,46,"Corso 38, Corso 15, Corso 39, Corso 20",
Dott. Germana Nievo,35,"Corso 17, Corso 29",
Massimiliano Pace-Gabbana,64,Corso 14,
Sophia Cianciolo,22,Corso 7,
Ivo Ottino,31,"Corso 16, Corso 29",
Aurora Bataglia,74,"Corso 3, Corso 22, Corso 24",
Gianpietro Nitto,30,"Corso 9, Corso 34, Corso 44, Corso 36, Corso 14",
Achille Puccini-Canali,46,Corso 18,
Veronica Parri-Turrini,78,Corso 5,
Alessandro Boldù,54,"Corso 16, Corso 3, Corso 15, Corso 36",
Liana Padovano-Marzorati,74,"Corso 31, Corso 27, Corso 24, Corso 47, Corso 48",
Adelmo Zanichelli,49,"Corso 30, Corso 19, Corso 11, Corso 14, Corso 28",
Elvira Binaghi-Vezzali,19,"Corso 11, Corso 3",
Stella Pizzo,30,"Corso 2, Corso 7, Corso 43, Corso 23",
Gianni Peruzzi-Pirelli,40,"Corso 22, Corso 44, Corso 20, Corso 8, Corso 34",
Graziella Fiorucci,57,"Corso 3, Corso 29, Corso 41",
Berenice Priuli,71,"Corso 36, Corso 30, Corso 9, Corso 49, Corso 15",
Dott. Fortunata Polesel,43,"Corso 42, Corso 20, Corso 34",
Luigi Salata,54,"Corso 36, Corso 5",
Sig. Piermaria Udinese,77,"Corso 20, Corso 12, Corso 31, Corso 27",
Gioele Ostinelli,40,"Corso 44, Corso 27, Corso 36, Corso 47, Corso 33",
Carla Paltrinieri-Casellati,74,"Corso 9, Corso 33, Corso 6",
Antonia Caironi-Borghese,77,"Corso 8, Corso 19, Corso 25, Corso 7, Corso 38",
Benvenuto Guinizzelli,37,"Corso 30, Corso 13, Corso 29",
Maura Garozzo,69,"Corso 24, Corso 10, Corso 45, Corso 18, Corso 7",
Rosalia Trussardi,72,"Corso 41, Corso 5, Corso 4, Corso 7",Corso 33
Hugo Fusani,32,"Corso 27, Corso 31",
Melina Capecchi,67,"Corso 46, Corso 20, Corso 30, Corso 49, Corso 37",
Dario Costalonga,38,"Corso 35, Corso 36, Corso 5, Corso 42, Corso 48",
Beppe Morrocco,46,"Corso 49, Corso 26, Corso 18, Corso 7",
Dott. Lando Napolitano,44,Corso 29,
Vincenza Tamburello,68,"Corso 4, Corso 11, Corso 50, Corso 26",
Olga Doglioni-Falier,70,"Corso 45, Corso 47",
Milo Tamburi,59,Corso 28,
Dott. Stefania Lovato,60,"Corso 4, Corso 29, Corso 31",
Cecilia Papafava,51,"Corso 14, Corso 43, Corso 17, Corso 13, Corso 21",
Fabrizia Veneziano-Giulietti,19,"Corso 32, Corso 18, Corso 5, Corso 20",
Riccardo Zanazzo,48,"Corso 32, Corso 6",
Romeo Antonioni,66,"Corso 39, Corso 32, Corso 5, Corso 10, Corso 15",
Sig. Lando Schiavone,80,"Corso 34, Corso 40, Corso 10, Corso 47, Corso 44",
Guido Stoppani,80,"Corso 34, Corso 33, Corso 9, Corso 41, Corso 18",
Sig.ra Gabriella Ruggieri,19,"Corso 30, Corso 50, Corso 26, Corso 27",
Giacomo Marini,44,"Corso 19, Corso 42, Corso 14, Corso 13, Corso 1",
Fedele Trupiano,63,"Corso 14, Corso 25, Corso 15, Corso 24",
Giacomo Manolesso,22,"Corso 38, Corso 41, Corso 16, Corso 20, Corso 44",
Bianca Toso,70,"Corso 43, Corso 4, Corso 50, Corso 34",
Lolita Chiaramonte,45,"Corso 32, Corso 20, Corso 5, Corso 44, Corso 48",
Dott. Mirco Pontecorvo,38,"Corso 22, Corso 7",
Amalia Gradenigo,60,"Corso 2, Corso 30, Corso 10, Corso 33, Corso 37",
Francesco Catenazzi,65,Corso 16,
Gianfranco Pedrazzini,45,Corso 3,Corso 33
Dott. Sandra Carnera,28,"Corso 11, Corso 41, Corso 22, Corso 35",
Damiano Ginese,59,"Corso 50, Corso 2",
Sig.ra Paulina Tommaseo,52,"Corso 7, Corso 33",
Alessandra Verdone,27,"Corso 5, Corso 37, Corso 18, Corso 32, Corso 25",
Sante Catalano,69,"Corso 31, Corso 44, Corso 37, Corso 25",
Donatella Niggli,30,"Corso 15, Corso 20, Corso 33, Corso 18",
Alderano Pisacane,74,"Corso 27, Corso 25, Corso 30",
Sebastiano Malacarne,26,"Corso 50, Corso 32, Corso 33",
Mirko Innocenti,28,"Corso 4, Corso 49, Corso 1, Corso 3",
Eraldo Foa,31,"Corso 1, Corso 17, Corso 9, Corso 24",
Dott. Michela Volta,75,"Corso 15, Corso 13, Corso 21, Corso 47",
Fiamma Cabrini,50,"Corso 9, Corso 37, Corso 40, Corso 29, Corso 43",
Adriana Visintini,55,"Corso 46, Corso 24, Corso 2",
Caterina Righi,58,Corso 39,
Veronica Boaga,26,"Corso 12, Corso 33, Corso 13, Corso 49, Corso 2",
Ottone Comisso,27,Corso 45,
Romana Cavanna,67,"Corso 25, Corso 45",
Gianna Grimani,44,Corso 39,
Maurizio Giacconi,60,"Corso 14, Corso 45",
Adele Salvo-Giacometti,23,"Corso 22, Corso 3",
Giovanna Antonetti-Seddio,79,"Corso 44, Corso 30, Corso 47, Corso 34, Corso 9",
Guglielmo Fornaciari,41,"Corso 36, Corso 41, Corso 44, Corso 25, Corso 46",
Dott. Rosario Pisaroni,19,"Corso 2, Corso 27, Corso 9, Corso 48",
Eliana Fo,23,"Corso 46, Corso 36, Corso 45, Corso 38",
Margherita Lancisi,32,"Corso 37, Corso 35, Corso 43, Corso 33, Corso 5",
Nicoletta Agazzi,80,"Corso 35, Corso 10, Corso 27, Corso 25",
Nadia Tamburi,39,"Corso 3, Corso 13, Corso 15, Corso 21, Corso 28",
Annamaria Oliboni,65,"Corso 6, Corso 1, Corso 29, Corso 40, Corso 48",
Elena Natta-Asmundo,56,"Corso 22, Corso 23",
Cristina Veltroni,57,Corso 15,
Giada Bignami,59,"Corso 45, Corso 10",
Margherita Sollima-Giovine,67,"Corso 44, Corso 16",
Aurora Ubaldi,66,"Corso 39, Corso 24, Corso 16",
Sig. Guarino Paruta,59,Corso 34,
Dott. Maria Samele,38,Corso 12,
Stefano Bombieri,18,"Corso 15, Corso 21",
Camilla Gulotta,74,Corso 32,
Ricciotti Cerquiglini-Ligorio,71,Corso 11,Corso 32
Corrado Ligorio,19,"Corso 5, Corso 7",
Monica Lombardi-Pezzali,75,"Corso 4, Corso 47, Corso 34",Corso 18
Sig.ra Rosina Marinetti,75,"Corso 46, Corso 16, Corso 17",
Piergiorgio Lattuada,30,"Corso 18, Corso 32, Corso 45, Corso 42",
Ugo Cuomo,45,"Corso 45, Corso 17",
Dott. Mariana Depero,77,"Corso 45, Corso 24, Corso 26",
Berenice Nievo,21,"Corso 37, Corso 10",
Nanni Baroffio,74,"Corso 29, Corso 13",Corso 48
Dott. Martino Riccati,24,"Corso 11, Corso 15, Corso 33, Corso 9",
Azeglio Fermi,73,"Corso 45, Corso 19, Corso 38, Corso 35, Corso 16",
Ricciotti Emo,66,"Corso 8, Corso 30, Corso 46, Corso 1",
Donato Ferretti-Giolitti,39,"Corso 23, Corso 3, Corso 15, Corso 16",
Marisa Piazzi,47,"Corso 36, Corso 50",
Telemaco Agostini,36,"Corso 19, Corso 50",
Ennio Caccianemico,59,"Corso 34, Corso 24, Corso 23, Corso 3",
Armando Lollobrigida,51,"Corso 15, Corso 10, Corso 28, Corso 29",
Geronimo Trillini,76,"Corso 47, Corso 24, Corso 19, Corso 6",
Martino Grasso,52,"Corso 23, Corso 40",
Sig. Giuliano Pisaroni,37,"Corso 30, Corso 29",
Guarino Curatoli,80,Corso 33,
Livio Udinesi,37,"Corso 47, Corso 12",
Luca Balotelli,74,"Corso 32, Corso 5",
Donna Faugno,39,"Corso 50, Corso 49, Corso 33",
Lisa Cesaroni,60,"Corso 13, Corso 25",Corso 1
Rosa Morricone,73,"Corso 32, Corso 30",
Giulietta Giradello,54,"Corso 21, Corso 27, Corso 3, Corso 31",
Maurilio Pertini,50,"Corso 20, Corso 28",
Filippo Nibali,28,"Corso 18, Corso 28, Corso 48, Corso 15, Corso 39",
Aria Bignardi-Desio,61,"Corso 28, Corso 32, Corso 47, Corso 50",
Luchino Procacci,25,"Corso 23, Corso 21, Corso 9, Corso 48",
Sig.ra Cristina Zoppetto,45,"Corso 41, Corso 6, Corso 3, Corso 23, Corso 45",
Sig. Laureano Semitecolo,46,"Corso 30, Corso 11, Corso 35, Corso 4",
Umberto Castellitto,45,"Corso 23, Corso 44",
Donatella Taliani-Vergassola,51,"Corso 7, Corso 38, Corso 23, Corso 43, Corso 20",
Ciro Ceci,26,"Corso 5, Corso 6, Corso 14, Corso 50, Corso 27",
Dott. Rosa Calvo,65,"Corso 17, Corso 34",
Annetta Turchi,69,"Corso 20, Corso 43, Corso 46",
Sandra Vianello,43,Corso 16,
Rocco Mezzetta,46,"Corso 48, Corso 10, Corso 27, Corso 32",
Vincenza Battaglia,34,"Corso 23, Corso 50",
Barbara Pucci,20,"Corso 34, Corso 43, Corso 8, Corso 44, Corso 22",
Ilaria Biagiotti,76,"Corso 9, Corso 13, Corso 42, Corso 45, Corso 22",
Dino Golino,29,"Corso 43, Corso 50, Corso 39, Corso 13, Corso 11",
Sig.ra Berenice Solari,59,"Corso 13, Corso 11, Corso 21",
Viridiana Ferrazzi,64,"Corso 30, Corso 7",
Sig.ra Patrizia Monduzzi,71,"Corso 6, Corso 44, Corso 7, Corso 35, Corso 23",
Rolando Oscuro,52,"Corso 22, Corso 26",
Tiziana Comeriato-Zampa,19,"Corso 49, Corso 11, Corso 37, Corso 16",
Anita Casini-Filangieri,62,Corso 19,
Bettina Mazzi,31,"Corso 13, Corso 39, Corso 34, Corso 32, Corso 24",
Costanzo Maffei,47,"Corso 13, Corso 47, Corso 2, Corso 20",
Jolanda Germano,47,"Corso 44, Corso 48, Corso 25, Corso 17",
Elmo Iadanza,48,"Corso 25, Corso 22, Corso 30, Corso 27, Corso 23",
Rossana Pigafetta,75,"Corso 43, Corso 28, Corso 46, Corso 36",Corso 19
Sylvia Tomei,42,"Corso 24, Corso 43",
Bernardo Cocci,32,"Corso 24, Corso 35, Corso 13, Corso 19",
Graziano Orlando,33,"Corso 10, Corso 21",
Tonia Rusticucci-Greggio,24,"Corso 9, Corso 26",
Atenulf Manzoni,30,Corso 40,
Rita Catenazzi,75,"Corso 11, Corso 13, Corso 6, Corso 49, Corso 22",
Rosina Altera,54,"Corso 1, Corso 22, Corso 34, Corso 46",
Maria Brambilla,32,"Corso 12, Corso 27, Corso 18, Corso 9, Corso 50",
Gloria Agostini,61,"Corso 24, Corso 36, Corso 47",
Rossana Cuzzocrea,19,"Corso 50, Corso 2, Corso 47, Corso 35, Corso 43",
Susanna Veneziano,29,"Corso 28, Corso 1",
Flora Iacovelli,74,"Corso 4, Corso 28, Corso 7, Corso 32, Corso 11",
Ludovica Soprano,57,"Corso 8, Corso 49",
Dario Miniati,53,"Corso 22, Corso 10, Corso 32, Corso 11, Corso 26",
Antonella Boaga,39,"Corso 35, Corso 1, Corso 46, Corso 49",
Romana Mondaini-Ligorio,64,"Corso 37, Corso 28, Corso 2",Corso 37
Loredana Parpinel,42,"Corso 23, Corso 18",
Sig. Biagio Pagliaro,59,"Corso 50, Corso 8, Corso 23, Corso 10",
Donatella Pucci,30,"Corso 17, Corso 2",
Simonetta Jovinelli,51,"Corso 32, Corso 5, Corso 28",
Luciana Biagi-Toselli,73,"Corso 46, Corso 43, Corso 2, Corso 47, Corso 37",
Biagio Bonomo,35,"Corso 32, Corso 17",
Matilda Mezzetta,47,"Corso 48, Corso 18, Corso 13",
Fedele Rizzo-Moccia,80,"Corso 11, Corso 50, Corso 40, Corso 10",
Angelo Treccani,55,"Corso 39, Corso 21, Corso 35",
Dolores Filzi,18,Corso 25,
Carolina Totino-Garrone,31,Corso 26,
Rembrandt Schiavone-Aulenti,29,Corso 15,
Azeglio Salata,61,"Corso 39, Corso 8, Corso 12, Corso 14, Corso 13",
Michelotto Sraffa,29,"Corso 20, Corso 12, Corso 6",
Sig. Cirillo Pedroni,40,"Corso 30, Corso 4, Corso 40, Corso 48, Corso 20",
Daniele Trillini,67,"Corso 36, Corso 34, Corso 5, Corso 14",
Amedeo Iacobucci,32,"Corso 22, Corso 7",
Dott. Amleto Finetti,52,"Corso 33, Corso 11",
Sig.ra Claudia Zarlino,59,"Corso 15, Corso 2, Corso 19, Corso 43, Corso 49",
Sandra Celentano,80,"Corso 32, Corso 41",
Sig.ra Lidia Cutrufo,37,"Corso 11, Corso 28",
Simone Matteotti-Roncalli,70,"Corso 31, Corso 45, Corso 32, Corso 21, Corso 8",
Sophia Zetticci,44,"Corso 3, Corso 34, Corso 30, Corso 17",
Adamo Verdone-Turrini,24,"Corso 11, Corso 23, Corso 28",
Gianfrancesco Vanvitelli-Ricolfi,26,"Corso 36, Corso 21, Corso 20, Corso 15, Corso 26",
Luciano Canil,73,"Corso 41, Corso 27, Corso 6, Corso 32",
Gabriella Trentin-Ferraris,33,"Corso 47, Corso 4",
Vito Bongiorno-Segni,61,"Corso 23, Corso 26, Corso 24",
Vincenzo Finotto,38,"Corso 33, Corso 34, Corso 47, Corso 45",
Rosina Gaito,21,Corso 2,
Fausto Mazzocchi-Totino,65,"Corso 16, Corso 23",
Gilberto Bonino,36,"Corso 10, Corso 30, Corso 50",
Antonina Geraci-Morucci,61,Corso 17,
Virginia Traetta,43,Corso 31,
Antonina Mattarella,54,"Corso 34, Corso 10, Corso 33, Corso 3",
Vincenza Littizzetto,70,"Corso 6, Corso 37, Corso 19, Corso 21, Corso 4",
Carlo Mezzetta,56,"Corso 16, Corso 21, Corso 18, Corso 6, Corso 34",
Sig. Mario Mondaini,43,"Corso 49, Corso 11, Corso 27, Corso 31, Corso 30",
Concetta Lucciano-Rocca,75,"Corso 32, Corso 33, Corso 48, Corso 34, Corso 45",
Carlo Odescalchi,25,"Corso 38, Corso 21, Corso 39",
Irma Sabatini,20,"Corso 34, Corso 21",
Patrizio Errani,73,Corso 50,
Giampiero Aporti-Maspero,51,Corso 18,
Cirillo Collodi-Ferretti,33,"Corso 40, Corso 4",
Valentina Antonetti,54,"Corso 8, Corso 45, Corso 17, Corso 7",
Silvia Luzi-Peano,68,Corso 12,
Amedeo Marangoni,49,"Corso 18, Corso 21, Corso 39",
Franco Michelangeli,32,"Corso 27, Corso 29, Corso 4, Corso 23",
Gilberto Finetti,54,"Corso 1, Corso 12, Corso 37",
Giuliano Rastelli-Michelangeli,59,"Corso 10, Corso 31, Corso 40",
Federigo Fallaci,60,"Corso 12, Corso 26",
Eva Barcella,37,"Corso 2, Corso 50, Corso 41",
Vittoria Valguarnera-Bonatti,62,"Corso 50, Corso 22, Corso 43, Corso 20, Corso 42",Corso 2
Giovanni Terragni-Sanudo,22,Corso 26,Corso 46
Matteo Bacosi,32,"Corso 31, Corso 40, Corso 19, Corso 17",
Tina Contrafatto,49,"Corso 1, Corso 35, Corso 46, Corso 32, Corso 13",
Venancio Bernini,71,"Corso 38, Corso 48, Corso 50",
Antonietta Berrè,63,Corso 45,
Camillo Donatoni,31,"Corso 25, Corso 48",
Dott. Domenico Caracciolo,25,"Corso 5, Corso 3, Corso 36, Corso 9",
Sig.ra Rossana Tasca,61,Corso 11,
Giorgia Saragat,33,Corso 28,
Dott. Gemma Poerio,66,"Corso 43, Corso 4",
Azeglio Bragaglia,23,Corso 21,
Camilla Martinelli,27,Corso 8,
Dott. Rossana Maccanelli,68,"Corso 39, Corso 31",
Fiorino Morricone,30,Corso 30,
Milena Marconi,70,"Corso 18, Corso 21, Corso 19, Corso 42",
Sig. Camillo Moretti,27,Corso 20,
Agnolo Costalonga,32,"Corso 25, Corso 37, Corso 10",
Livio Guidotti-Cesarotti,71,"Corso 14, Corso 41, Corso 18, Corso 4, Corso 40",
Dott. Fredo Trevisan,27,Corso 49,
Cipriano Foscari-Morellato,20,"Corso 8, Corso 39, Corso 31, Corso 24, Corso 4",
Marcella Mercati,73,Corso 4,
Susanna Toninelli,56,"Corso 27, Corso 26",
Ottavio Grimani,68,"Corso 43, Corso 48, Corso 35",
Umberto Marino,77,"Corso 24, Corso 41, Corso 21, Corso 31, Corso 29",
Loredana Ortese,19,Corso 23,
Clelia Pincherle,73,"Corso 48, Corso 43, Corso 31",
Atenulf Sordi,30,"Corso 32, Corso 5, Corso 48, Corso 28",
Rosalia Tebaldi-Curci,41,"Corso 33, Corso 13",
Camillo Campano,41,"Corso 19, Corso 33, Corso 18",
Marissa Sagnelli,75,"Corso 44, Corso 25, Corso 15, Corso 40",
Giancarlo Strangio,46,"Corso 41, Corso 20, Corso 27, Corso 34",
Ida Donarelli-Pasqua,47,"Corso 38, Corso 41, Corso 6, Corso 13, Corso 21",
Pompeo Garzoni,20,"Corso 43, Corso 12, Corso 35, Corso 11, Corso 49",
Roberta Guidone,51,"Corso 17, Corso 14, Corso 11, Corso 27, Corso 47",Corso 9
Dott. Rosina Busoni,27,"Corso 17, Corso 50, Corso 16",
Eliana Ungaretti,30,"Corso 9, Corso 21",
Dott. Giustino Traetta,58,"Corso 38, Corso 27, Corso 36, Corso 7",
Simonetta Cagnotto,18,Corso 43,
Dott. Osvaldo Pepe,43,Corso 28,
Dott. Dante Piacentini,40,"Corso 22, Corso 8",
Silvestro Ginese,47,"Corso 40, Corso 39, Corso 46, Corso 49, Corso 48",
Renzo Pellegrini,26,"Corso 26, Corso 12",
Laura Mancini,45,"Corso 36, Corso 28, Corso 50, Corso 39, Corso 24",
Dott. Melania Vianello,24,"Corso 21, Corso 20, Corso 47",
Gianfranco Musatti-Cagnotto,47,"Corso 8, Corso 47",
Loretta Bonolis,27,"Corso 31, Corso 2, Corso 32",
Amalia Bossi,51,"Corso 20, Corso 30, Corso 4, Corso 35, Corso 9",
Gianluigi Agostinelli,77,"Corso 16, Corso 2, Corso 1",
Bianca Quasimodo,61,"Corso 6, Corso 16",
Annamaria Battelli,76,"Corso 12, Corso 5, Corso 30, Corso 42, Corso 21",
Giampiero Zanzi,36,Corso 23,
Ruggiero Varano,57,Corso 42,
Sig. Ermes Ravaglioli,59,Corso 33,
Ornella Barberini,22,"Corso 9, Corso 38, Corso 45, Corso 8, Corso 28",
Lando Sanudo,62,"Corso 34, Corso 20, Corso 3, Corso 18",
Adelmo Porcellato,60,"Corso 46, Corso 15",
Donatello Turchetta,54,Corso 47,
Angelo Trapanese,63,"Corso 22, Corso 38, Corso 30, Corso 6",
Jolanda Babato-Sbarbaro,63,"Corso 23, Corso 36",Corso 50
Matteo Camanni-Sansoni,32,"Corso 17, Corso 18",
Salvi Cugia-Sismondi,65,"Corso 45, Corso 44, Corso 30",
Arnaldo Collodi,71,"Corso 25, Corso 39, Corso 18",
Eugenia Cociarelli,59,"Corso 20, Corso 50, Corso 24",
Geronimo Taliercio-Serraglio,59,"Corso 49, Corso 17, Corso 10, Corso 5, Corso 2",
Giacobbe Petrucelli,80,"Corso 5, Corso 22, Corso 30",
Dott. Pier Trotta,30,"Corso 38, Corso 14, Corso 1, Corso 23",
Letizia Baglioni-Manzoni,59,"Corso 8, Corso 9, Corso 37, Corso 19",
Melina Magnani,76,"Corso 14, Corso 46, Corso 15, Corso 3",
Maria Tuzzolino-Fantini,47,Corso 18,
Loretta Ceschi,21,"Corso 29, Corso 49",
Olga Balla,42,"Corso 44, Corso 30, Corso 21",
Temistocle Cainero,58,"Corso 18, Corso 11, Corso 50, Corso 16",
Sig.ra Annamaria Respighi,43,"Corso 8, Corso 6, Corso 24, Corso 29",
Alessia Fanucci-Visconti,26,"Corso 24, Corso 13, Corso 18, Corso 46, Corso 27",
Virginia Littizzetto-Benigni,80,"Corso 31, Corso 12",
Dott. Teresa Tasso,32,Corso 41,
Augusto Mattarella,73,"Corso 34, Corso 50, Corso 1, Corso 46, Corso 20",
Leone Giannone,57,Corso 40,Corso 37
Luigina Regge-Antonello,25,Corso 9,
Dott. Luchino Schicchi,18,"Corso 4, Corso 46, Corso 49, Corso 10",
Lolita Iannucci,71,"Corso 18, Corso 25",
Natalia Marazzi,21,"Corso 18, Corso 31, Corso 27, Corso 14",
Lisa Paganini,52,"Corso 42, Corso 30, Corso 26, Corso 32",
Greco Volterra,56,"Corso 15, Corso 38, Corso 3, Corso 40",
Sig. Pietro Morucci,72,"Corso 8, Corso 36",
Santino Odescalchi,40,"Corso 2, Corso 15, Corso 41",
Romina Errigo,25,"Corso 34, Corso 13, Corso 33, Corso 22",
Pellegrino Gentili-Cendron,55,Corso 40,
Virginia Pugliese,54,"Corso 9, Corso 27, Corso 16, Corso 1, Corso 47",
Melania Alonzi,26,"Corso 8, Corso 17, Corso 36, Corso 9",
Ottavio Casaleggio,76,"Corso 17, Corso 38",
Giorgia Toselli,37,Corso 18,
Benito Murri,62,Corso 46,
Paola Alboni,64,"Corso 38, Corso 6",
Greco Argento,72,"Corso 33, Corso 28, Corso 20",
Roberto Esposito,65,"Corso 47, Corso 40, Corso 20",
Antonella Corbo,76,"Corso 12, Corso 1, Corso 45",
Giulietta Correr,61,"Corso 39, Corso 31, Corso 13, Corso 35",
Dott. Vittoria Visconti,19,"Corso 47, Corso 7, Corso 3",
Ronaldo Pedrazzini,28,Corso 27,
Durante Gabba,34,Corso 43,
Daria Monte,66,Corso 49,Corso 17
Patrizia Bianchi,43,"Corso 13, Corso 43, Corso 1, Corso 29",
Niccolò Malacarne,58,"Corso 30, Corso 37",
Cipriano Musatti,39,"Corso 6, Corso 38, Corso 25, Corso 29, Corso 11",
Beatrice Bertoli,46,"Corso 19, Corso 15, Corso 30",
Vittoria Parisi,28,"Corso 24, Corso 2, Corso 22",
Dott. Raimondo Toso,34,Corso 10,
Simonetta Lovato,75,Corso 38,
Gemma Veneziano,67,Corso 45,
Pietro Vento,52,"Corso 30, Corso 28, Corso 46, Corso 15, Corso 17",
Coluccio Palladio,28,"Corso 48, Corso 19, Corso 49, Corso 42, Corso 43",Corso 42
Sandro Galtarossa,65,"Corso 34, Corso 12, Corso 47, Corso 7, Corso 50",
Giampaolo Rizzo-Rizzo,22,Corso 21,
Veronica Greco,18,"Corso 2, Corso 15",
Sig. Michelangelo Tornatore,32,"Corso 18, Corso 8, Corso 50",Corso 3
Cassandra Bianchini,59,"Corso 32, Corso 11, Corso 34, Corso 4",
Stella Pedrazzini-Semitecolo,31,"Corso 14, Corso 47",
Giustino Cannizzaro-Vergerio,80,"Corso 20, Corso 31",
Annunziata Impastato,40,"Corso 13, Corso 17",
Sig.ra Rosaria Prati,31,"Corso 22, Corso 30, Corso 2, Corso 33, Corso 19",
Sandro Scarponi,60,"Corso 45, Corso 25, Corso 13, Corso 35",
Rolando Luzi,46,"Corso 14, Corso 36, Corso 2",
Adelasia Depero,47,"Corso 36, Corso 17",
Nicolò Trentini-Filogamo,36,Corso 11,
Orlando Andreozzi,71,"Corso 19, Corso 11, Corso 31, Corso 16",
Eraldo Forza,32,"Corso 30, Corso 23",
Monica Pontecorvo,48,"Corso 15, Corso 11, Corso 23, Corso 17, Corso 39",
Puccio Cortese,48,"Corso 32, Corso 42, Corso 4, Corso 7, Corso 23",
Ivan Almagià,77,"Corso 22, Corso 12, Corso 46, Corso 6, Corso 50",
Rodolfo Roncalli,26,"Corso 2, Corso 12",
Dott. Luchino Ossola,53,Corso 29,
Liberto Errani,75,"Corso 15, Corso 6, Corso 23",
Paride Majorana,22,"Corso 47, Corso 3, Corso 37, Corso 10",
Sig.ra Filippa Dossi,25,"Corso 33, Corso 48, Corso 21, Corso 5, Corso 8",
Damiano Zanazzo-Ferraris,64,"Corso 46, Corso 6, Corso 10",
Paloma Vecoli,66,"Corso 16, Corso 8",
Delfino Micheletti,30,"Corso 50, Corso 44",
Giacobbe Lovato,19,"Corso 6, Corso 37, Corso 41, Corso 3",
Erika Forza-Barozzi,66,"Corso 12, Corso 11, Corso 8, Corso 36",
Niccolò Gabba,25,"Corso 37, Corso 44, Corso 41",
Sig.ra Letizia Salgari,34,Corso 15,
Gian Surian,32,"Corso 7, Corso 13",
Silvio Gravina,61,"Corso 30, Corso 6, Corso 5, Corso 43, Corso 9",
Dott. Severino Faugno,54,"Corso 29, Corso 34, Corso 18, Corso 12, Corso 33",
Sig. Valerio Antelami,23,"Corso 50, Corso 15, Corso 5",
Ciro Liguori,26,Corso 29,
Olga Ponti,44,"Corso 27, Corso 32",
Marcantonio Treves,36,"Corso 6, Corso 37, Corso 24, Corso 16, Corso 36",
Sig. Ugo Fieramosca,45,Corso 7,
Beppe Montalcini,46,"Corso 18, Corso 19, Corso 47, Corso 36",
Gianluigi Beccheria,63,"Corso 3, Corso 46, Corso 31, Corso 36, Corso 28",
Marcantonio Tutino,64,"Corso 31, Corso 7, Corso 39, Corso 11",
Coluccio Filangieri,63,"Corso 10, Corso 7",
Dott. Valerio Palazzo,29,Corso 41,
Annetta Mantegazza,61,"Corso 4, Corso 42, Corso 11, Corso 48",
Mauro Monteverdi,79,"Corso 16, Corso 44, Corso 13, Corso 28, Corso 11",
Patrizia Pugliese-Giannuzzi,31,"Corso 38, Corso 49, Corso 44, Corso 24",
Concetta Morucci-Scarpa,36,"Corso 34, Corso 37, Corso 30, Corso 12, Corso 1",
Chiara Marangoni,80,"Corso 46, Corso 32, Corso 11, Corso 8, Corso 19",
Griselda Palumbo,78,"Corso 42, Corso 12, Corso 39, Corso 16, Corso 50",
Sig.ra Bianca Moccia,80,Corso 29,
Stella Lerner-Broschi,69,"Corso 42, Corso 26, Corso 39, Corso 13",
Leone Gussoni,26,"Corso 45, Corso 6, Corso 49, Corso 26, Corso 29",
Sig.ra Livia Fischetti,18,"Corso 20, Corso 41, Corso 16, Corso 45",
Olga Riccati,39,"Corso 31, Corso 4, Corso 26, Corso 10, Corso 42",
Marcantonio Palombi,74,"Corso 11, Corso 37, Corso 19, Corso 43",
Gioacchino Serao,58,"Corso 20, Corso 15, Corso 28",
Giosuè Strangio,30,"Corso 21, Corso 20, Corso 45",
Nicola Bignami,28,"Corso 35, Corso 45, Corso 44, Corso 37",
Torquato Donà,61,Corso 44,
Serena Cannizzaro,49,"Corso 14, Corso 10",
Eleanora Carullo-Salvemini,31,"Corso 42, Corso 20",
Vittoria Lancisi,64,Corso 6,
Ferdinando Taliani,34,"Corso 40, Corso 25, Corso 8",
Laureano Cutuli,19,Corso 31,
Cecilia Botta,79,"Corso 31, Corso 30, Corso 33, Corso 28, Corso 48",
Sig.ra Olga Bertoni,58,"Corso 30, Corso 44, Corso 24, Corso 31",
Lilla Sansoni,26,"Corso 38, Corso 37, Corso 50, Corso 29",
Rossana Iacovelli,30,"Corso 14, Corso 2, Corso 40, Corso 26",
Gaetano Palladio-Gianvecchio,52,"Corso 3, Corso 16, Corso 4",
Agnolo Pulci,49,"Corso 49, Corso 3, Corso 35",
Nadia Marangoni,32,"Corso 9, Corso 5, Corso 23, Corso 4",
Michele Piccio-Zarlino,79,"Corso 30, Corso 10, Corso 2",
Guido Renier-Curatoli,71,"Corso 3, Corso 1, Corso 21",Corso 34
Delfino Gasperi,67,"Corso 50, Corso 20, Corso 26, Corso 28, Corso 43",
Fabrizio Deledda,53,"Corso 47, Corso 36, Corso 45, Corso 31",
Donna Agazzi,29,"Corso 5, Corso 27, Corso 44",
Fredo Viviani,75,"Corso 47, Corso 11",
Vanessa Barcaccia-Moschino,45,"Corso 42, Corso 31, Corso 35, Corso 37",
Isa Cherubini,68,"Corso 30, Corso 7",
Luca Fantini-Altera,58,"Corso 27, Corso 6, Corso 48",
Bruno Toselli,18,"Corso 5, Corso 26, Corso 7, Corso 13, Corso 16",
Gianmarco Proietti,56,"Corso 2, Corso 22, Corso 49, Corso 34, Corso 3",
Flavia Buonauro,78,"Corso 42, Corso 8",
Vincenzo Abba,41,"Corso 36, Corso 45, Corso 1, Corso 14",
Gianfranco Campise-Pometta,46,"Corso 38, Corso 25, Corso 33",
Danilo Donà,48,Corso 31,
Cirillo Busoni,69,"Corso 40, Corso 16, Corso 22, Corso 3",
Giovanna Geraci,68,"Corso 46, Corso 40",
Paloma Samele,46,Corso 17,
Jolanda Barzini,68,Corso 23,
Loredana Columbo,52,"Corso 10, Corso 30, Corso 43, Corso 50, Corso 9",
Gianmarco Vecellio,60,"Corso 27, Corso 6",
Sig.ra Carla Cafarchia,44,Corso 24,
Riccardo Vigorelli,79,Corso 49,
Nedda Tarantino-Manacorda,69,"Corso 48, Corso 19, Corso 44",
Dott. Giorgio Magrassi,60,"Corso 33, Corso 7",
Iolanda Tamburello-Ciani,38,"Corso 3, Corso 21, Corso 48, Corso 32",
Barbara Matteotti,36,"Corso 35, Corso 16, Corso 37, Corso 33, Corso 14",
Dott. Goffredo Ravaglioli,40,"Corso 23, Corso 3",
Sig. Girolamo Toninelli,36,"Corso 16, Corso 25, Corso 28",
Nadia Ciampi,18,Corso 1,
Valeria Fuseli,54,"Corso 24, Corso 34",
Romana Battisti,72,"Corso 47, Corso 18, Corso 26, Corso 45",
Salvatore Vismara,37,Corso 47,
Alessia Errani,66,"Corso 7, Corso 29, Corso 2",
Dott. Serafina Rensi,28,"Corso 50, Corso 39, Corso 18, Corso 41",
Sig.ra Irma Carli,52,"Corso 36, Corso 48, Corso 27, Corso 49",
Dolores Govoni,27,"Corso 34, Corso 26, Corso 22",
Liana Magrassi,44,"Corso 8, Corso 41, Corso 45",
Giacinto Berlusconi-Trombetta,46,"Corso 45, Corso 41",
Melania Rusticucci-Scotti,56,Corso 9,
Amalia Gelli,56,"Corso 43, Corso 13, Corso 10, Corso 6",
Tina Fioravanti,80,"Corso 21, Corso 16, Corso 7, Corso 48, Corso 42",
Berenice Tirabassi,32,Corso 2,Corso 22
Antonella Schiavone,33,Corso 48,
Luigi Spanevello,55,"Corso 13, Corso 8",
Giulio Pacillo,43,"Corso 35, Corso 37, Corso 20",
Sonia Fornaciari-Pertini,52,"Corso 49, Corso 10, Corso 46",
Sig. Giorgio Spadafora,27,Corso 14,
Sig. Tonino Terragni,53,"Corso 37, Corso 18, Corso 7, Corso 47",
Antonia Borghese,73,Corso 46,
Roman Navone,44,"Corso 34, Corso 45, Corso 28, Corso 43",
Durante Sanguineti,29,"Corso 16, Corso 24, Corso 40",
Graziano Nordio,27,"Corso 28, Corso 40, Corso 19, Corso 42",
Morena Monicelli,57,Corso 32,Corso 33
Cipriano Nicoletti-Renier,52,"Corso 17, Corso 20, Corso 7, Corso 33, Corso 22",
Eugenia Mercadante,47,"Corso 24, Corso 18, Corso 13",
Benito Gotti,77,"Corso 42, Corso 37, Corso 17, Corso 38, Corso 33",
Vincenzo Toninelli,20,"Corso 31, Corso 22, Corso 21, Corso 35, Corso 3",
Michelotto Balbi-Tosi,41,"Corso 33, Corso 48, Corso 26",
Amleto Modiano,33,"Corso 3, Corso 47",
Simone Querini-Polizzi,38,"Corso 43, Corso 48, Corso 9, Corso 50",
Sig.ra Chiara Udinese,43,"Corso 11, Corso 6",
Adelasia Carriera,70,"Corso 17, Corso 46, Corso 25, Corso 19, Corso 42",
Piersanti Jacuzzi,57,"Corso 35, Corso 26",
Dott. Ivan Cerutti,65,"Corso 29, Corso 48",
Giorgio Cuzzocrea,27,Corso 3,
Evangelista Curci,50,"Corso 11, Corso 42, Corso 50, Corso 35",
Maurizio Solimena-Navarria,25,"Corso 31, Corso 9, Corso 20, Corso 24",Corso 11
Paolo Cusano,76,"Corso 32, Corso 9",
Irma Mozart-Ceravolo,33,Corso 32,
Dott. Stella Cicilia,23,"Corso 39, Corso 49",
Sig. Alberico Tomaselli,69,Corso 17,
Sig. Patrizio Totino,24,"Corso 40, Corso 10, Corso 4, Corso 34, Corso 45",
Sig.ra Vittoria Tiepolo,35,"Corso 27, Corso 12, Corso 36, Corso 15, Corso 21",
Dott. Maria Verga,70,"Corso 15, Corso 14, Corso 47, Corso 4",
Alfio Albertini,44,"Corso 10, Corso 5, Corso 3, Corso 45",
Elena Dovara-Visconti,74,"Corso 43, Corso 33",
Maurizio Doglioni-Eco,36,Corso 17,
Uberto Fallaci-Gradenigo,36,"Corso 5, Corso 21, Corso 14, Corso 19, Corso 34",
Sig.ra Matilda Valguarnera,55,"Corso 4, Corso 24, Corso 11, Corso 21",
Giorgia Ferrata,67,"Corso 18, Corso 25, Corso 23",
Arsenio Garrone-Beccaria,26,"Corso 31, Corso 40, Corso 26, Corso 13",
Marissa Salvini,28,Corso 46,
Niccolò Loredan,38,Corso 16,
Dott. Rita Pacetti,29,"Corso 44, Corso 28",
Federica Ricci,43,"Corso 44, Corso 45, Corso 9",
Sig. Pasquale Giacometti,58,Corso 48,
Dott. Nicola Naccari,63,"Corso 37, Corso 33",
Irma Dulbecco,58,"Corso 18, Corso 7, Corso 24, Corso 12",
Antonia Boezio-Zanzi,60,"Corso 24, Corso 3, Corso 26",
Dott. Rosa Cundari,35,"Corso 37, Corso 17, Corso 38, Corso 5",
Amadeo Bellucci,66,"Corso 41, Corso 44, Corso 7",
Valentina Tiepolo,18,"Corso 30, Corso 35, Corso 45",
Graziano Jacuzzi,40,"Corso 48, Corso 47, Corso 16, Corso 33, Corso 4",
Gioele Mazzi,43,"Corso 43, Corso 13",
Ivo Papetti,49,"Corso 50, Corso 23, Corso 30, Corso 33, Corso 6",
Azeglio Dovara,26,"Corso 37, Corso 46, Corso 26, Corso 36",
Flora Garobbio,26,"Corso 17, Corso 23, Corso 12, Corso 26",
Rodolfo Vercelloni,33,"Corso 11, Corso 36",Corso 11
Mariano Tremonti,37,"Corso 43, Corso 13, Corso 45, Corso 21",
Sylvia Bettoni-Antonioni,25,"Corso 6, Corso 44, Corso 48",
Raimondo Monduzzi,52,"Corso 40, Corso 50",
Paloma Esposito,46,"Corso 41, Corso 32, Corso 14",
Patrizia Bertolucci-Tamburello,38,Corso 28,
Fernanda Moccia,75,"Corso 7, Corso 18, Corso 21, Corso 26",
Nicolò Caironi,40,"Corso 50, Corso 47, Corso 11",
Alfio Visintini-Medici,18,"Corso 17, Corso 19, Corso 24, Corso 15, Corso 33",
Giovanni Bellò,18,Corso 4,
Emma Scandone-Versace,37,Corso 50,
Griselda Montanelli,21,"Corso 7, Corso 46, Corso 40, Corso 19",
Ninetta Bajardi,66,"Corso 6, Corso 23",
Graziella Bajardi,75,"Corso 18, Corso 34, Corso 39, Corso 15, Corso 37",
Sole Chiaramonte,76,"Corso 44, Corso 5",Corso 28
Dott. Hugo Randazzo,50,Corso 43,
Virginia Bova,56,"Corso 47, Corso 4, Corso 18",
Antonia Franscini,42,"Corso 24, Corso 8, Corso 19",
Fedele Taliani,50,"Corso 20, Corso 26, Corso 36",
Luciano Orsini,42,"Corso 44, Corso 8, Corso 47",
Dott. Galasso Filippini,44,"Corso 14, Corso 28",
Nedda Leblanc-Gritti,39,"Corso 26, Corso 20, Corso 21, Corso 41, Corso 31",Corso 37
Micheletto Barillaro,29,"Corso 50, Corso 38, Corso 23, Corso 40",
Giancarlo Fogazzaro-Peruzzi,30,"Corso 3, Corso 31, Corso 25, Corso 5",
Fernanda Spinola,48,"Corso 28, Corso 3, Corso 36, Corso 24, Corso 14",
Franco Marrone,27,"Corso 8, Corso 29, Corso 14, Corso 26, Corso 17",
Giacinto Belletini,58,"Corso 39, Corso 32",
Sebastiano Benedetti,74,"Corso 10, Corso 46, Corso 20",
Antonia Cipolla,79,"Corso 12, Corso 26",
Flora Carosone,28,"Corso 47, Corso 20, Corso 44",
Jacopo Caccioppoli,70,Corso 4,
Marina Ferretti-Galilei,72,"Corso 43, Corso 8, Corso 39, Corso 26, Corso 36",
Sig.ra Adele Semitecolo,72,"Corso 18, Corso 23, Corso 21",
Sonia Garibaldi-Ruberto,28,"Corso 27, Corso 40, Corso 48, Corso 25",
Fiamma Pareto,64,"Corso 32, Corso 19, Corso 48, Corso 15, Corso 40",
Milena Cadorna,25,"Corso 20, Corso 11, Corso 38, Corso 27",Corso 39
Licia Foa,30,"Corso 39, Corso 38, Corso 24",
Venancio Finotto,46,"Corso 41, Corso 9, Corso 10",
Gino Pederiva,68,Corso 15,
Etta Tanzini-Luciani,66,"Corso 20, Corso 36",
Graziella Cheda,20,Corso 8,
Pasqual Littizzetto,20,"Corso 17, Corso 23, Corso 13",
Lidia Scarponi,67,"Corso 15, Corso 3, Corso 39, Corso 35",
Benvenuto Oscuro-Bosio,43,"Corso 30, Corso 4, Corso 49",
Piero Bartoli,66,"Corso 11, Corso 3",
Graziella Gabrieli,45,Corso 31,
Evangelista Battelli,49,"Corso 15, Corso 33, Corso 44, Corso 11",
Giulietta Sobrero-Travaglia,53,"Corso 15, Corso 32",
Biagio Tommaseo,18,"Corso 30, Corso 36, Corso 11",
Francesca Trombetta,64,"Corso 31, Corso 42, Corso 20, Corso 6",
Lauretta Benussi-Bosio,37,"Corso 24, Corso 25",
Sig.ra Etta Notarbartolo,63,"Corso 49, Corso 18, Corso 13, Corso 23, Corso 32",
Dario Camiscione,54,"Corso 36, Corso 2, Corso 13",
Donatello Bocca,79,"Corso 34, Corso 37, Corso 18, Corso 21, Corso 32",
Dott. Pasqual Gabrieli,34,"Corso 6, Corso 13, Corso 39, Corso 5, Corso 36",
Massimo Bazzi,35,"Corso 41, Corso 4, Corso 33, Corso 31, Corso 6",
Caterina Esposito,45,Corso 9,
Pomponio Pasolini,79,"Corso 8, Corso 33",
Giuseppe Guidone,61,"Corso 30, Corso 10, Corso 36, Corso 12",
Eva Meucci,53,"Corso 14, Corso 42, Corso 23",
Adriano Scamarcio,60,"Corso 44, Corso 15, Corso 10, Corso 42, Corso 12",
Mario Baracca,80,"Corso 6, Corso 4, Corso 8, Corso 1, Corso 44",
Eleanora Serao-Riccardi,22,"Corso 6, Corso 3, Corso 45, Corso 36",
Dott. Silvia Gianvecchio,25,"Corso 31, Corso 23, Corso 35",
Greca Beccaria,49,Corso 43,
Cristina Callegari,77,"Corso 34, Corso 3, Corso 14, Corso 21, Corso 9",
Milo Depero,30,"Corso 25, Corso 14",
Martino Goldoni,43,"Corso 34, Corso 40",
Sonia Emanuelli-Trevisan,67,Corso 27,
Anita Biagiotti,20,Corso 34,
Zaira Taccola,68,Corso 43,
Vincenzo Michelangeli,21,"Corso 11, Corso 30, Corso 34, Corso 15",Corso 30
Raimondo Leone-Tamburello,47,"Corso 50, Corso 31, Corso 9, Corso 30",Corso 36
Arsenio Abate,43,"Corso 42, Corso 3, Corso 16, Corso 15",
Lisa Trevisan-Capecchi,59,"Corso 34, Corso 28, Corso 16, Corso 41",
Fabrizio Fanucci,65,"Corso 6, Corso 28, Corso 35, Corso 32",
Sergius Emo,64,"Corso 33, Corso 7, Corso 23, Corso 44",
Lilla Caboto,22,Corso 41,Corso 26
Vittorio Pertile,64,Corso 6,
Giuliano Volta,79,Corso 41,
Dott. Priscilla Valier,79,Corso 18,
Sig. Pasquale Gozzano,32,"Corso 36, Corso 17, Corso 20, Corso 35, Corso 41",
Tatiana Parini,55,"Corso 6, Corso 50, Corso 20, Corso 28, Corso 10",Corso 11
Sig.ra Carolina Gori,56,"Corso 30, Corso 29, Corso 5",
Lucia Lombroso,73,"Corso 10, Corso 20, Corso 32, Corso 50, Corso 40",
Severino Castellitto-Ossola,45,"Corso 25, Corso 5, Corso 16",
Dott. Renata Depero,40,"Corso 25, Corso 6, Corso 46",
Dionigi Farinelli,41,"Corso 41, Corso 48, Corso 10",
Lorenzo Lucarelli,41,"Corso 28, Corso 26",
Marina Ferrante-Martinelli,77,"Corso 47, Corso 38, Corso 41, Corso 49",Corso 7
Gianluca Trentini,23,"Corso 5, Corso 15, Corso 38, Corso 24",
Adelasia Pontecorvo,61,"Corso 24, Corso 19, Corso 11",
Carmelo Parri,37,"Corso 14, Corso 42, Corso 37, Corso 18",
Amico Zacchia,46,"Corso 46, Corso 43",
Tatiana Napolitano-Gregorio,21,"Corso 33, Corso 12, Corso 26, Corso 32, Corso 40",
Nino Santi,64,"Corso 50, Corso 23, Corso 5, Corso 40",
Sig. Baccio Tropea,36,"Corso 39, Corso 28, Corso 12, Corso 27",
Federigo Camuccini,77,"Corso 43, Corso 4, Corso 22, Corso 37",
Letizia Toninelli-Renault,49,"Corso 2, Corso 12",
Nina Fermi,47,"Corso 14, Corso 9, Corso 8, Corso 11",
Elladio Fabbri,75,"Corso 39, Corso 26, Corso 38",
Tatiana Paltrinieri,28,"Corso 3, Corso 12, Corso 31",
Michelangelo Foà,64,"Corso 1, Corso 3, Corso 21, Corso 34",
Sole Canevascini,29,"Corso 13, Corso 39",
Ludovico Comolli,50,Corso 11,
Bianca Chittolini,47,"Corso 25, Corso 6, Corso 14, Corso 13, Corso 21",
Piergiuseppe Blasi,71,"Corso 35, Corso 32, Corso 24, Corso 23",
Arturo Priuli-Zacchia,30,"Corso 42, Corso 40, Corso 4, Corso 49",
Mercedes Muratori,27,"Corso 26, Corso 32",
Michele Missoni,73,"Corso 11, Corso 21",
Licia Pace-Abate,49,"Corso 13, Corso 23",
Pierpaolo Pietrangeli,50,"Corso 6, Corso 18, Corso 43, Corso 50, Corso 46",
Sandra Trentini,55,"Corso 21, Corso 32, Corso 14, Corso 6, Corso 50",
Patrizia Paganini-Trevisan,45,"Corso 43, Corso 31, Corso 32",
Erika Zarlino-Lombardi,50,"Corso 7, Corso 16, Corso 40, Corso 31, Corso 4",
Allegra Scamarcio,30,"Corso 39, Corso 8, Corso 36, Corso 49",
Sig. Pasqual Catalano,23,"Corso 18, Corso 27, Corso 43, Corso 50",
Lazzaro Bignardi,31,Corso 8,
Fiamma Grifeo,74,"Corso 49, Corso 45, Corso 39, Corso 5",
Torquato Rosmini-Soffici,23,"Corso 41, Corso 18",
Angelo Rocca,23,"Corso 19, Corso 17, Corso 31, Corso 23, Corso 38",
Dott. Eugenia Pisani,22,Corso 48,
Dott. Victoria Papetti,73,"Corso 40, Corso 27",
Liberto Tozzo-Cutrufo,65,"Corso 15, Corso 43, Corso 10, Corso 41, Corso 1",
Sig. Giacomo Ferrazzi,54,Corso 39,
Sig.ra Annetta Mazzacurati,52,"Corso 21, Corso 9, Corso 39, Corso 32",
Matteo Vezzali,26,"Corso 9, Corso 36, Corso 20",
Aurora Gozzano,22,"Corso 15, Corso 14, Corso 21, Corso 22, Corso 17",
Dina Rosselli-Segrè,77,"Corso 3, Corso 13, Corso 32",
Etta Tommaseo-Ginese,43,"Corso 28, Corso 39, Corso 14, Corso 18, Corso 48",
Simonetta Gritti-Tedesco,72,"Corso 1, Corso 38",
Greca Monaco-Errigo,45,Corso 42,
Greca Sgalambro,47,Corso 20,
Nicoletta Antonioni,59,"Corso 40, Corso 20, Corso 43, Corso 31",
Piergiorgio Basso,50,"Corso 17, Corso 30, Corso 40, Corso 43",
Dott. Luigina Depero,37,Corso 27,
Tina Solimena,47,"Corso 12, Corso 29, Corso 26, Corso 10",
Dott. Pietro Ughi,48,Corso 45,
Victoria Baglioni,20,"Corso 21, Corso 24, Corso 10, Corso 26, Corso 1",
Gino Malenchini,27,"Corso 31, Corso 8, Corso 49, Corso 15, Corso 28",
Rosina Gualtieri-Antonelli,49,"Corso 37, Corso 12",
Romeo Navone,51,Corso 31,
Sylvia Gaito,69,"Corso 39, Corso 49",
Barbara Schicchi,25,"Corso 29, Corso 31, Corso 9, Corso 39",
Francesca Storladi,58,"Corso 34, Corso 13, Corso 7, Corso 5, Corso 32",
Germana Pedrazzini,79,Corso 14,
Dott. Camilla Pedroni,46,"Corso 31, Corso 26, Corso 14, Corso 21",
Dott. Eugenia Pratesi,60,Corso 33,
Bianca Gentileschi-Golgi,32,"Corso 19, Corso 33, Corso 24, Corso 50, Corso 29",
Piergiuseppe Tafuri,34,"Corso 32, Corso 43, Corso 50, Corso 41",
Arnulfo Soderini,22,"Corso 47, Corso 4, Corso 28, Corso 44",
Dott. Roman Errigo,55,"Corso 24, Corso 11, Corso 35, Corso 20, Corso 42",
Fortunata Gritti,27,"Corso 44, Corso 2, Corso 46, Corso 18, Corso 33",
Ivan Raurica-Giannetti,67,"Corso 28, Corso 34, Corso 43, Corso 15, Corso 27",
Elena Giolitti,72,"Corso 41, Corso 10, Corso 32, Corso 34",
Nedda Ostinelli,63,"Corso 37, Corso 12",
Jolanda Moccia,78,"Corso 43, Corso 29, Corso 48, Corso 47",
Giampiero Crisafulli,80,"Corso 27, Corso 20",
Alessandra Caetani,69,"Corso 18, Corso 14, Corso 28, Corso 3",
Camilla Tassoni,30,"Corso 23, Corso 28",
Cesare Bresciani-Camilleri,78,"Corso 40, Corso 6, Corso 24",
Arsenio Barzini,63,"Corso 29, Corso 45, Corso 38, Corso 46, Corso 28",
Camilla Mascheroni,26,Corso 1,
Amico Columbo,58,Corso 16,
Marissa Satta,72,"Corso 19, Corso 10, Corso 37, Corso 7",
Valerio Storladi,56,"Corso 26, Corso 5, Corso 49, Corso 28, Corso 19",
Marisa Tanzini,47,Corso 31,
Enzio Cugia,64,"Corso 50, Corso 23, Corso 48, Corso 18, Corso 43",
Federica Valentino,54,"Corso 2, Corso 47, Corso 16",
Domenico Abate-Nibali,25,"Corso 10, Corso 48",
Fulvio Peranda,45,Corso 28,
Sig. Luigi Fallaci,39,"Corso 17, Corso 38, Corso 47, Corso 34, Corso 36",
Fausto Busoni-Aulenti,76,"Corso 24, Corso 16, Corso 35",
Sebastiano Telesio,50,"Corso 34, Corso 20, Corso 17, Corso 6, Corso 9",
Manuel Gremese,78,"Corso 23, Corso 35, Corso 20",
Dott. Hugo Cipolla,48,"Corso 11, Corso 10, Corso 40, Corso 45, Corso 25",
Amanda Cugia,61,"Corso 9, Corso 3, Corso 15, Corso 42",
Lucia Barozzi,39,Corso 46,
Antonia Longhena,41,"Corso 41, Corso 17, Corso 8",
Sergius Lollobrigida-Caruso,66,"Corso 43, Corso 46, Corso 27, Corso 49",
Dott. Gionata Brichese,69,"Corso 4, Corso 11",
Rosa Gotti,48,Corso 5,
Adamo Galeati,77,"Corso 11, Corso 24, Corso 18, Corso 5, Corso 33",
Luciana Gagliardi,65,"Corso 27, Corso 20, Corso 9, Corso 16, Corso 5",
Dott. Severino Mazzocchi,32,"Corso 47, Corso 26, Corso 16",
Geronimo Pedroni-Pigafetta,29,"Corso 47, Corso 45, Corso 15, Corso 7",
Fredo Gregorio,62,"Corso 9, Corso 45",
Coluccio Esposito-Novaro,36,"Corso 43, Corso 12, Corso 16",
Luisa Mercati,29,"Corso 44, Corso 42, Corso 20, Corso 22, Corso 7",
Serafina Dulbecco,38,"Corso 26, Corso 15, Corso 4",
Camilla Marini,67,Corso 17,
Angelo Ligorio,27,"Corso 38, Corso 20, Corso 47, Corso 3, Corso 19",
Claudia Ferragni,51,"Corso 33, Corso 10",
Pierina Fantozzi,30,Corso 24,
Dott. Luciano Carducci,68,Corso 6,
Paola Puglisi,67,"Corso 35, Corso 42, Corso 24, Corso 40, Corso 1",
Martino Nugnes,43,"Corso 17, Corso 25",
Liberto Franceschi,35,Corso 26,
Delfino Guidone,38,"Corso 32, Corso 31, Corso 46",
Susanna Parri,45,"Corso 2, Corso 42, Corso 37, Corso 41",
Tiziana Maspero,54,"Corso 13, Corso 4",
Federica Gianetti,74,Corso 50,
Sig.ra Ilaria Tacchini,74,"Corso 11, Corso 49, Corso 29",
Giorgia Tonisto,25,"Corso 32, Corso 40, Corso 17, Corso 29, Corso 8",
Angelina Sgarbi,71,"Corso 36, Corso 22, Corso 5, Corso 1",
Beatrice Montecchi,52,Corso 45,
Amedeo Modigliani,44,Corso 20,
Sebastiano Buonauro,40,"Corso 15, Corso 13, Corso 4, Corso 2",
Ornella Storladi,79,"Corso 15, Corso 28, Corso 14",
Elisa Vanvitelli,25,Corso 9,
Pasquale Pisani,21,Corso 39,
Saverio Salvemini,76,"Corso 35, Corso 14",
Giovanni Antonacci,35,"Corso 36, Corso 39, Corso 13",
Dott. Clelia Russo,51,"Corso 28, Corso 5, Corso 6, Corso 22",
Ludovica Ughi,75,"Corso 23, Corso 11, Corso 2, Corso 35, Corso 43",
Vincentio Anguissola,33,"Corso 8, Corso 24, Corso 35",
Valentina Bellini,38,"Corso 36, Corso 17",
Fabrizio Offredi,69,"Corso 32, Corso 16, Corso 23, Corso 50",
Luigi Spinola,68,"Corso 2, Corso 21, Corso 13, Corso 3",
Livia Foconi-Tagliafierro,35,"Corso 29, Corso 8",
Dott. Stefano Casale,40,"Corso 50, Corso 44, Corso 42",
Letizia Gilardoni,54,"Corso 6, Corso 30, Corso 7, Corso 40",
Tiziana Mattarella,51,"Corso 48, Corso 18, Corso 45, Corso 44, Corso 21",Corso 34
Piermaria Vismara,66,"Corso 36, Corso 21, Corso 48",
Claudio Veneziano,22,Corso 26,
Dott. Vittorio Bernardi,34,"Corso 10, Corso 50",
Sandro Tonisto,50,"Corso 49, Corso 19",
Giorgia Interminei,42,"Corso 27, Corso 38, Corso 20, Corso 40",
Annibale Gianetti-Gelli,46,Corso 33,
Graziano Maggioli-Curiel,64,"Corso 1, Corso 3, Corso 15",
Rosina Gulotta,69,"Corso 36, Corso 25, Corso 21",
Alessandra Roccabonella,40,"Corso 49, Corso 11, Corso 38",
Melina Finetti,54,"Corso 24, Corso 13, Corso 19",
Biagio Murialdo,56,"Corso 15, Corso 23, Corso 25, Corso 33",
Ivo Conte-Bernini,53,"Corso 50, Corso 45",
Rodolfo Brichese,63,"Corso 48, Corso 42, Corso 15, Corso 34, Corso 1",
Lucio Giannotti,30,Corso 8,
Sig.ra Loretta Castiglione,24,Corso 14,
Fernanda Finotto,58,"Corso 30, Corso 27, Corso 41",
Loretta Romiti,21,"Corso 49, Corso 37, Corso 30, Corso 17, Corso 12",
Germana Pepe,80,"Corso 41, Corso 9, Corso 23, Corso 20",Corso 3
Serena Tresoldi-Platini,70,"Corso 12, Corso 16, Corso 47",
Simonetta Agazzi,36,"Corso 49, Corso 31",
Gianmarco Trapani,79,"Corso 39, Corso 14",
Maura Agostinelli-Pisano,63,Corso 13,
Carmelo Tartini,30,Corso 21,
Stefania Anichini,79,Corso 22,
Sig.ra Rosalia Petralli,20,Corso 20,
Ludovico Dovara,59,"Corso 12, Corso 48, Corso 39",
Pasquale Fornaciari,60,"Corso 26, Corso 1, Corso 47, Corso 39, Corso 15",
Lucio Gangemi,59,"Corso 50, Corso 31",
Angelica Casadei,45,"Corso 38, Corso 28, Corso 6",
Sig. Arnaldo Durante,36,"Corso 31, Corso 44, Corso 3",Corso 38
Elmo Tasca,36,"Corso 38, Corso 36",
Antonia Brenna,61,"Corso 44, Corso 40, Corso 13",
Carolina Branciforte,31,Corso 46,
Giulio Crespi,57,"Corso 45, Corso 13",
Federica Speri,35,"Corso 48, Corso 13, Corso 7, Corso 16",
Dott. Marcella Lercari,55,"Corso 27, Corso 13",
Patrizio Esposito,25,"Corso 3, Corso 13, Corso 33, Corso 41",
Arturo Montessori-Scarpetta,75,"Corso 35, Corso 9, Corso 27",
Ruggero Mimun-Blasi,74,"Corso 49, Corso 3",
Sandro Mazzocchi,78,Corso 48,
Lilla Morosini,72,"Corso 38, Corso 43",Corso 26
Valerio Altera,38,Corso 18,
Giampiero Cesarotti,72,"Corso 47, Corso 19, Corso 16, Corso 29",
Ninetta Stradivari,49,Corso 23,
Dott. Martino Carnera,58,"Corso 22, Corso 41, Corso 25",
Sig. Girolamo Panzera,58,"Corso 5, Corso 9, Corso 49, Corso 29",Corso 43
Elladio Comolli,38,"Corso 16, Corso 15, Corso 27, Corso 8",
Ippazio Durante,62,"Corso 28, Corso 47, Corso 15, Corso 34, Corso 48",
Augusto Argan,50,Corso 21,
Paulina Veneziano,79,"Corso 43, Corso 50, Corso 45",
Gioffre Paolucci,61,"Corso 1, Corso 19, Corso 24",
Eva Sforza,31,"Corso 36, Corso 23",
Donatella Vezzali,43,"Corso 29, Corso 14, Corso 23, Corso 50, Corso 40",
Ansaldo Rubbia,44,"Corso 30, Corso 32, Corso 5, Corso 36",
Vittorio Costalonga,53,"Corso 32, Corso 2, Corso 40, Corso 7",
Manuel Ramazzotti,18,"Corso 14, Corso 12, Corso 1",
Cecilia Tebaldi,59,"Corso 47, Corso 37, Corso 3, Corso 27",
Giuliano Piccio,78,"Corso 1, Corso 47",
Patrizia Passalacqua,21,Corso 37,
Dott. Carla Caetani,19,"Corso 1, Corso 37, Corso 48, Corso 13, Corso 20",
Liana Bernardini,79,Corso 38,
Paoletta Rossetti,78,Corso 45,
Annunziata Caboto,26,"Corso 27, Corso 33",
Fiorino Vezzali,64,"Corso 45, Corso 49, Corso 29, Corso 24, Corso 13",
Loretta Vercelloni,77,"Corso 23, Corso 39, Corso 9, Corso 48",
Laureano Legnante,75,"Corso 26, Corso 27",
Lina Tedesco-Finetti,66,"Corso 17, Corso 1, Corso 11",
Annamaria Pirelli,59,"Corso 46, Corso 44",Corso 24
Priscilla Corcos,35,"Corso 7, Corso 5",
Gastone Boitani,48,"Corso 46, Corso 5",
Dott. Priscilla Prati,47,"Corso 12, Corso 20, Corso 39, Corso 33, Corso 43",
Gianni Mascagni,78,"Corso 35, Corso 39, Corso 23",
Lidia Loredan-Taliani,55,"Corso 45, Corso 30, Corso 9",
Marcantonio Ortolani,42,"Corso 41, Corso 25",
Sig. Federico Mezzetta,34,"Corso 41, Corso 5",
Caterina Rienzo,63,Corso 33,
Mariana Morandini,79,Corso 40,
Carmelo Caetani,35,Corso 43,
Graziano Foa-Ostinelli,70,Corso 33,
Matteo Cibin,30,"Corso 49, Corso 9, Corso 30, Corso 2, Corso 22",
Gioele Navarria-Barbarigo,38,"Corso 2, Corso 11, Corso 49, Corso 4",
Raimondo Ammaniti,36,"Corso 13, Corso 20",
Atenulf Rocca,26,"Corso 15, Corso 16, Corso 4, Corso 31, Corso 13",
Sig.ra Valeria Petrassi,27,"Corso 25, Corso 47",
Carla Marzorati,80,"Corso 41, Corso 4, Corso 3, Corso 13, Corso 29",
Liana Trebbi-Fagotto,38,"Corso 16, Corso 47",
Dott. Guglielmo Treves,60,"Corso 27, Corso 12, Corso 23",
Anita Verga,79,"Corso 44, Corso 11, Corso 9",
Mirko Armani,25,"Corso 5, Corso 27, Corso 44",
Atenulf Solari,68,"Corso 19, Corso 3, Corso 36",
Dott. Loredana Raurica,56,"Corso 29, Corso 28, Corso 22, Corso 36, Corso 6",
Caterina Mascagni,21,"Corso 36, Corso 10, Corso 22, Corso 13",
Vittoria Bassi,47,"Corso 8, Corso 18, Corso 14, Corso 19, Corso 33",
Panfilo Calarco,65,"Corso 17, Corso 28, Corso 48, Corso 4",
Sig. Gaspare Pirandello,59,"Corso 17, Corso 29, Corso 35",
Valerio Ughi,65,"Corso 34, Corso 8, Corso 22",
Gabriella Alboni,67,"Corso 19, Corso 33, Corso 7, Corso 30",
Dott. Cassandra Abatantuono,52,Corso 13,
Fortunata Bartoli,55,"Corso 23, Corso 44, Corso 4",
Coluccio Regge,53,"Corso 44, Corso 10",
Panfilo Barillaro,44,"Corso 27, Corso 23, Corso 18, Corso 21",
Ugo Moschino,33,Corso 29,
Enrico Infantino,32,"Corso 35, Corso 36",Corso 13
Tiziana Brambilla,19,"Corso 39, Corso 21, Corso 49",
Marcella Milanesi,22,"Corso 4, Corso 47, Corso 5",
Angelo Borrani,39,Corso 14,
Riccardo Sinisi,53,"Corso 42, Corso 49, Corso 19",
Carmelo Federico,55,"Corso 12, Corso 37, Corso 39",
Sig.ra Roberta Soffici,59,"Corso 47, Corso 44, Corso 10, Corso 39, Corso 35",
Giulia Pietrangeli,57,"Corso 42, Corso 14, Corso 29, Corso 10, Corso 41",
Martina Molesini,73,Corso 33,
Orazio Paltrinieri,53,Corso 5,
Calcedonio Morandini,19,"Corso 2, Corso 17, Corso 49, Corso 4, Corso 30",
Bruno Scarpa,21,"Corso 3, Corso 24, Corso 25, Corso 28, Corso 46",
Flavio Navarria,77,"Corso 39, Corso 12, Corso 50, Corso 18, Corso 23",
Sig. Graziano Savorgnan,18,"Corso 40, Corso 17, Corso 46",
Paola Mancini,45,"Corso 5, Corso 24",
Ricciotti Guglielmi,50,"Corso 8, Corso 47",
Amleto Satta,71,"Corso 47, Corso 33, Corso 4, Corso 2",
Dott. Tullio Smirnoff,48,"Corso 19, Corso 13, Corso 8, Corso 24, Corso 36",
Goffredo Callegari,55,"Corso 40, Corso 48",
Maura Lupo,61,"Corso 12, Corso 33, Corso 44, Corso 19, Corso 47",
Enzio Govoni-Bajardi,68,"Corso 17, Corso 42, Corso 23, Corso 46",
Marcella Scaduto,63,Corso 34,Corso 16
Giacomo Luna,24,Corso 36,
Viridiana Grisoni,56,"Corso 4, Corso 46, Corso 36, Corso 12, Corso 25",
Sig.ra Priscilla Gentileschi,64,"Corso 32, Corso 36, Corso 39, Corso 49",
Carmelo Terragni,21,"Corso 5, Corso 49",
Panfilo Busoni,72,"Corso 7, Corso 46, Corso 18, Corso 40",
Sig. Domenico Chinnici,32,"Corso 6, Corso 42, Corso 17, Corso 15",
Serena Tagliafierro,25,Corso 40,
Michelotto Corcos,32,"Corso 23, Corso 35, Corso 8, Corso 40, Corso 3",
Teresa Vergassola-Vitturi,53,"Corso 30, Corso 5, Corso 32, Corso 17",
Napoleone Gilardoni,32,"Corso 43, Corso 9, Corso 26, Corso 29",
Dott. Guido Tassoni,33,"Corso 2, Corso 8, Corso 13",Corso 18
Michelotto Battaglia,45,"Corso 17, Corso 14, Corso 12, Corso 40",
Daria Lupo-Sorrentino,20,Corso 26,
Virginia Pininfarina,75,"Corso 44, Corso 1, Corso 14",
Sandra Cabibbo,45,"Corso 41, Corso 17",
Arnulfo Marazzi-Natta,70,"Corso 26, Corso 41, Corso 33",
Graziella Luzi,46,Corso 33,
Sig. Lodovico Asprucci,25,Corso 16,
Sig. Sabatino Giusti,25,"Corso 34, Corso 26, Corso 25",
Ruggiero Caetani,48,"Corso 48, Corso 33, Corso 6, Corso 37, Corso 15",
Pomponio Corradi,29,Corso 2,
Dott. Raffaele Mascheroni,58,"Corso 9, Corso 13, Corso 42",
Raimondo Aporti,30,"Corso 22, Corso 38, Corso 33, Corso 11",Corso 47
Luca Tonisto-Bossi,20,"Corso 26, Corso 32, Corso 35, Corso 11",
Guido Columbo,27,"Corso 46, Corso 24, Corso 12, Corso 19, Corso 27",
Michelangelo Alfieri,62,"Corso 34, Corso 6, Corso 1, Corso 39",
Dott. Alessandro Garzoni,50,"Corso 18, Corso 1",
Sig.ra Daria Mengolo,18,"Corso 1, Corso 44, Corso 46, Corso 16",
Alina Magrassi,50,"Corso 31, Corso 21, Corso 39",
Girolamo Sauli,72,Corso 21,
Fortunata Broschi,78,"Corso 48, Corso 45, Corso 30, Corso 49",
Osvaldo Canil,67,Corso 8,
Greco Angeli,65,"Corso 30, Corso 24, Corso 3, Corso 1, Corso 18",
Luciano Ottino,25,"Corso 13, Corso 20, Corso 7",
Ottavio Pertini,33,Corso 9,
Nedda Napolitano,27,"Corso 11, Corso 21, Corso 44",
Marcella Giannuzzi-Vespucci,79,"Corso 40, Corso 2",
Elisa Ceschi,50,"Corso 27, Corso 2, Corso 15",
Maria Barberini,31,"Corso 32, Corso 19",
Nadia Schiavo,47,"Corso 47, Corso 7, Corso 25",
Pellegrino Travaglio,28,Corso 44,
Serafina Bosio,50,"Corso 16, Corso 1",
Arnaldo Oscuro,25,"Corso 9, Corso 23, Corso 7, Corso 1, Corso 10",
Vincenza Vivaldi,75,"Corso 1, Corso 5, Corso 35, Corso 47, Corso 40",
Elvira Lattuada,28,"Corso 4, Corso 5, Corso 21, Corso 48, Corso 15",
Ottavio Parmitano,80,"Corso 40, Corso 35, Corso 25, Corso 6, Corso 16",
Gianni Niggli,44,"Corso 46, Corso 42, Corso 24",
Aurora Capuana,68,"Corso 2, Corso 41",
Dott. Donna Sobrero,22,Corso 7,
Eugenia Foconi,57,"Corso 2, Corso 27",
Ermenegildo Foscari,25,"Corso 32, Corso 44, Corso 34",
Antonino Bosio-Moretti,18,Corso 37,
Guido Rossellini,40,"Corso 42, Corso 7",
Danilo Franzese,54,"Corso 45, Corso 48, Corso 29, Corso 27, Corso 41",
Nadia Ceci,24,"Corso 15, Corso 38",
Massimo Nonis,59,"Corso 33, Corso 46, Corso 42, Corso 47, Corso 26",
Giampaolo Chigi,31,"Corso 24, Corso 5",
Mattia Albertini-Botta,31,"Corso 19, Corso 2, Corso 25",
Bartolomeo Pacillo,70,"Corso 47, Corso 28, Corso 41",
Nino Cortese,21,"Corso 37, Corso 15",
Rocco Longhena,51,"Corso 42, Corso 50, Corso 2, Corso 4",
Silvia Babbo,37,"Corso 49, Corso 48, Corso 12, Corso 18, Corso 10",
Baccio Niggli,61,"Corso 41, Corso 37, Corso 43, Corso 7, Corso 14",
Dott. Roberta Branciforte,38,"Corso 2, Corso 4, Corso 36",
Adele Delle,58,"Corso 42, Corso 4, Corso 36, Corso 20",
Luigina Tartaglia,41,"Corso 20, Corso 47",
Marisa Bottigliero,31,"Corso 32, Corso 9, Corso 27",
Agostino Palazzo-Conti,48,"Corso 25, Corso 10, Corso 36, Corso 29, Corso 31",
Vittoria Argentero,46,"Corso 16, Corso 7",
